frame,time,x,y,mask_area
0,0.0,1131,422,89
1,0.03333333333333333,1152,425,88
2,0.06666666666666667,1174,430,112
3,0.1,1174,430,111
4,0.13333333333333333,1197,438,135
5,0.16666666666666666,1221,449,140
6,0.2,1247,463,161
7,0.23333333333333334,1275,480,161
8,0.26666666666666666,1304,501,187
9,0.3,1304,500,180
10,0.3333333333333333,1335,525,211
11,0.36666666666666664,1367,554,257
12,0.4,1400,584,198
13,0.43333333333333335,1441,627,265
14,0.4666666666666667,1480,670,325
15,0.5,1481,670,261
16,0.5333333333333333,1520,718,281
17,0.5666666666666667,1571,683,203
18,0.6,1617,839,378
19,0.6333333333333333,1650,830,223
20,0.6666666666666666,1680,812,240
21,0.7,1680,812,226
22,0.7333333333333333,1711,798,234
23,0.7666666666666667,1748,787,314
24,0.8,1756,776,161
25,0.8333333333333334,1756,767,147
26,0.8666666666666667,1756,761,152
27,0.9,1755,761,151
28,0.9333333333333333,1755,759,163
29,0.9666666666666667,1755,762,165
30,1.0,1754,768,175
31,1.0333333333333334,1754,780,192
32,1.0666666666666667,1753,796,215
33,1.1,1753,796,224
34,1.1333333333333333,1753,816,241
35,1.1666666666666667,1752,843,342
36,1.2,1730,881,318
38,1.2666666666666666,1534,598,420
39,1.3,1535,599,526
40,1.3333333333333333,1485,544,375
41,1.3666666666666667,1444,502,285
42,1.4,1409,469,233
43,1.4333333333333333,1379,443,174
44,1.4666666666666666,1354,424,152
45,1.5,1354,423,140
46,1.5333333333333334,1345,414,66
47,1.5666666666666667,1354,416,69
48,1.6,1363,420,87
49,1.6333333333333333,1373,427,76
50,1.6666666666666667,1381,436,114
51,1.7,1382,436,121
52,1.7333333333333334,1392,448,95
53,1.7666666666666666,1403,463,124
54,1.8,1414,481,121
55,1.8333333333333333,1426,502,150
56,1.8666666666666667,1437,527,156
57,1.9,1437,527,145
58,1.9333333333333333,1450,555,144
59,1.9666666666666666,1456,582,174
60,2.0,1477,626,226
61,2.033333333333333,1491,668,286
62,2.066666666666667,1507,714,255
63,2.1,1507,715,217
64,2.1333333333333333,1522,768,262
65,2.1666666666666665,1534,762,123
68,2.2666666666666666,1561,721,121
69,2.3,1561,721,101
70,2.3333333333333335,1571,712,100
71,2.3666666666666667,1593,729,202
77,2.566666666666667,1224,531,2314
78,2.6,1202,522,2069
79,2.6333333333333333,1184,527,2554
80,2.6666666666666665,1168,537,2209
81,2.7,1168,537,2268
82,2.7333333333333334,1161,545,971
83,2.7666666666666666,1146,587,1132
84,2.8,1127,595,660
85,2.8333333333333335,960,513,174
86,2.8666666666666667,930,527,176
87,2.9,930,527,169
88,2.933333333333333,897,545,298
89,2.966666666666667,1134,676,639
90,3.0,1136,687,316
91,3.033333333333333,1114,539,72
92,3.066666666666667,975,654,246
93,3.1,1020,643,386
94,3.1333333333333333,1199,664,981
95,3.1666666666666665,1041,673,296
96,3.2,1127,674,1234
97,3.2333333333333334,743,646,1344
98,3.2666666666666666,674,628,1819
99,3.3,674,628,1857
100,3.3333333333333335,661,621,2211
101,3.3666666666666667,642,615,1281
102,3.4,622,607,531
103,3.433333333333333,753,639,887
104,3.466666666666667,633,559,711
105,3.5,620,566,940
106,3.533333333333333,506,613,185
107,3.566666666666667,485,622,202
108,3.6,459,635,126
109,3.6333333333333333,434,650,151
110,3.6666666666666665,409,666,237
111,3.7,409,666,243
112,3.7333333333333334,422,672,91
113,3.7666666666666666,432,683,108
114,3.8,352,776,858
115,3.8333333333333335,351,776,807
116,3.8666666666666667,351,776,812
117,3.9,351,776,814
118,3.933333333333333,351,776,829
119,3.966666666666667,351,776,829
120,4.0,351,776,817
121,4.033333333333333,352,774,711
122,4.066666666666666,348,774,643
123,4.1,348,774,646
124,4.133333333333334,344,769,203
140,4.666666666666667,1211,515,790
141,4.7,1215,534,443
142,4.733333333333333,1206,523,728
143,4.766666666666667,1202,514,745
144,4.8,1159,309,293
145,4.833333333333333,1192,382,630
146,4.866666666666666,1220,229,229
147,4.9,1220,231,268
148,4.933333333333334,1250,259,303
149,4.966666666666667,1283,295,371
150,5.0,1316,334,336
151,5.033333333333333,1247,329,735
152,5.066666666666666,1128,295,501
153,5.1,1128,295,506
154,5.133333333333334,1031,271,436
170,5.666666666666667,428,356,383
171,5.7,428,356,429
172,5.733333333333333,376,387,315
174,5.8,343,448,246
175,5.833333333333333,361,479,219
178,5.933333333333334,397,551,299
179,5.966666666666667,416,595,348
180,6.0,437,645,284
181,6.033333333333333,457,700,314
182,6.066666666666666,479,762,423
183,6.1,479,762,454
184,6.133333333333334,565,813,327
185,6.166666666666667,493,764,905
186,6.2,763,798,185
187,6.233333333333333,590,496,272
188,6.266666666666667,608,445,278
189,6.3,608,445,227
190,6.333333333333333,623,403,206
191,6.366666666666666,615,391,91
192,6.4,601,386,88
193,6.433333333333334,582,382,77
194,6.466666666666667,693,513,126
195,6.5,730,567,506
196,6.533333333333333,721,556,564
197,6.566666666666666,530,382,111
198,6.6,511,389,111
199,6.633333333333334,491,397,131
200,6.666666666666667,470,409,147
201,6.7,470,409,147
202,6.733333333333333,448,423,157
203,6.766666666666667,424,441,189
204,6.8,398,464,203
205,6.833333333333333,375,485,143
206,6.866666666666666,343,531,210
207,6.9,342,523,189
208,6.933333333333334,314,556,297
209,6.966666666666667,282,597,339
210,7.0,256,640,295
211,7.033333333333333,241,685,318
212,7.066666666666666,224,735,349
213,7.1,224,735,339
214,7.133333333333334,206,791,406
215,7.166666666666667,188,854,448
217,7.233333333333333,164,901,209
218,7.266666666666667,160,879,175
219,7.3,160,879,167
220,7.333333333333333,157,862,156
221,7.366666666666666,153,849,158
222,7.4,150,839,154
223,7.433333333333334,146,834,168
224,7.466666666666667,142,832,159
225,7.5,142,832,159
226,7.533333333333333,139,836,174
227,7.566666666666666,135,844,193
228,7.6,132,856,199
229,7.633333333333334,129,876,295
230,7.666666666666667,130,890,220
231,7.7,130,890,215
232,7.733333333333333,149,882,262
233,7.766666666666667,168,879,202
234,7.8,187,880,204
235,7.833333333333333,204,886,192
236,7.866666666666666,223,897,172
237,7.9,223,897,169
238,7.933333333333334,240,911,167
242,8.066666666666666,355,953,556
243,8.1,355,952,538
244,8.133333333333333,353,950,534
245,8.166666666666666,357,944,331
246,8.2,351,943,143
248,8.266666666666667,673,913,1361
249,8.3,669,901,946
250,8.333333333333334,701,905,1682
251,8.366666666666667,728,911,1806
252,8.4,751,919,1723
253,8.433333333333334,762,922,1184
254,8.466666666666667,762,920,1273
255,8.5,762,920,1272
256,8.533333333333333,761,919,1274
257,8.566666666666666,761,917,1400
258,8.6,762,910,1763
259,8.633333333333333,765,899,1663
260,8.666666666666666,779,902,1642
261,8.7,778,902,1693
262,8.733333333333333,794,905,1214
263,8.766666666666667,793,910,1093
264,8.8,795,909,1128
265,8.833333333333334,794,908,1153
266,8.866666666666667,793,908,1058
267,8.9,793,908,1056
268,8.933333333333334,794,913,717
269,8.966666666666667,779,907,1414
270,9.0,770,903,2056
271,9.033333333333333,758,900,1861
272,9.066666666666666,751,903,2001
273,9.1,751,903,2028
274,9.133333333333333,746,904,2142
275,9.166666666666666,747,900,2255
276,9.2,754,899,1986
277,9.233333333333333,755,910,1814
278,9.266666666666667,754,924,1776
279,9.3,754,924,1789
280,9.333333333333334,753,923,1802
281,9.366666666666667,752,924,1784
282,9.4,751,918,1884
283,9.433333333333334,747,904,2205
284,9.466666666666667,741,887,2029
285,9.5,740,886,1963
286,9.533333333333333,722,862,1950
287,9.566666666666666,702,839,1963
288,9.6,690,825,1809
289,9.633333333333333,675,814,1523
290,9.666666666666666,662,801,1185
291,9.7,659,804,1526
292,9.733333333333333,648,797,947
293,9.766666666666667,641,780,326
296,9.866666666666667,602,757,244
297,9.9,601,756,197
298,9.933333333333334,628,766,397
299,9.966666666666667,635,763,863
300,10.0,644,767,1537
301,10.033333333333333,662,740,576
302,10.066666666666666,673,745,838
303,10.1,673,742,752
304,10.133333333333333,679,737,783
305,10.166666666666666,680,730,805
306,10.2,677,718,901
307,10.233333333333333,669,704,868
308,10.266666666666667,665,698,612
309,10.3,666,701,760
310,10.333333333333334,666,704,562
311,10.366666666666667,668,722,847
312,10.4,674,725,372
313,10.433333333333334,684,750,838
314,10.466666666666667,653,729,142
315,10.5,653,728,142
316,10.533333333333333,664,728,624
317,10.566666666666666,666,724,856
318,10.6,666,726,714
319,10.633333333333333,667,724,793
320,10.666666666666666,667,724,831
321,10.7,667,724,838
322,10.733333333333333,667,724,825
323,10.766666666666667,668,723,933
324,10.8,674,720,960
325,10.833333333333334,687,720,998
326,10.866666666666667,701,722,962
327,10.9,702,722,998
328,10.933333333333334,719,723,813
329,10.966666666666667,724,721,156
330,11.0,759,726,442
331,11.033333333333333,765,727,153
332,11.066666666666666,807,720,857
333,11.1,809,723,630
334,11.133333333333333,825,715,980
335,11.166666666666666,839,717,866
336,11.2,852,717,689
337,11.233333333333333,859,717,632
338,11.266666666666667,864,722,546
339,11.3,864,721,571
340,11.333333333333334,866,723,396
341,11.366666666666667,868,769,552
342,11.4,868,773,694
343,11.433333333333334,869,774,762
344,11.466666666666667,869,774,785
345,11.5,868,774,794
346,11.533333333333333,868,774,813
347,11.566666666666666,869,774,792
348,11.6,868,774,802
349,11.633333333333333,869,774,743
350,11.666666666666666,873,775,674
351,11.7,873,775,670
352,11.733333333333333,877,777,756
353,11.766666666666667,878,779,819
354,11.8,878,779,820
355,11.833333333333334,878,780,822
356,11.866666666666667,878,779,816
357,11.9,878,779,811
358,11.933333333333334,878,779,848
359,11.966666666666667,879,780,1035
360,12.0,882,781,1049
361,12.033333333333333,881,782,1080
362,12.066666666666666,882,782,1090
363,12.1,882,782,1072
364,12.133333333333333,882,782,1067
365,12.166666666666666,881,782,1064
366,12.2,879,782,1020
367,12.233333333333333,873,780,937
368,12.266666666666667,860,780,993
369,12.3,859,780,994
370,12.333333333333334,843,775,878
371,12.366666666666667,827,773,857
372,12.4,815,778,985
373,12.433333333333334,808,777,1037
374,12.466666666666667,803,777,991
375,12.5,803,777,998
376,12.533333333333333,800,777,1012
377,12.566666666666666,794,782,758
378,12.6,791,782,759
384,12.8,773,798,648
385,12.833333333333334,768,780,630
386,12.866666666666667,768,780,615
387,12.9,769,780,658
388,12.933333333333334,775,775,801
389,12.966666666666667,767,788,311
390,13.0,767,788,300
391,13.033333333333333,782,788,592
392,13.066666666666666,783,788,663
393,13.1,782,789,635
394,13.133333333333333,784,788,755
395,13.166666666666666,783,791,652
396,13.2,784,790,748
397,13.233333333333333,784,790,697
398,13.266666666666667,784,790,699
399,13.3,784,790,692
400,13.333333333333334,785,789,795
401,13.366666666666667,795,788,480
402,13.4,797,782,857
403,13.433333333333334,802,782,992
404,13.466666666666667,814,780,867
405,13.5,814,780,778
406,13.533333333333333,826,782,664
407,13.566666666666666,839,782,648
408,13.6,852,781,800
409,13.633333333333333,868,779,817
410,13.666666666666666,886,779,892
411,13.7,886,778,809
412,13.733333333333333,901,768,1232
413,13.766666666666667,921,771,1227
414,13.8,937,770,1009
415,13.833333333333334,947,772,955
416,13.866666666666667,950,774,898
417,13.9,950,774,889
418,13.933333333333334,950,774,911
419,13.966666666666667,949,773,966
420,14.0,951,772,966
421,14.033333333333333,959,768,1104
422,14.066666666666666,977,768,1396
423,14.1,976,769,1427
424,14.133333333333333,1006,761,1241
425,14.166666666666666,1039,759,1188
426,14.2,1069,756,945
427,14.233333333333333,1108,767,359
428,14.266666666666667,1136,764,377
429,14.3,1136,763,350
430,14.333333333333334,1149,766,673
431,14.366666666666667,1157,784,893
432,14.4,1145,802,1544
433,14.433333333333334,1143,806,1568
434,14.466666666666667,1145,809,1355
435,14.5,1145,809,1323
436,14.533333333333333,1145,810,1290
437,14.566666666666666,1144,808,1360
438,14.6,1149,803,1239
439,14.633333333333333,1160,798,702
440,14.666666666666666,1217,763,829
441,14.7,1222,775,379
442,14.733333333333333,1220,753,1085
443,14.766666666666667,1222,765,789
444,14.8,1223,757,969
445,14.833333333333334,1222,757,919
446,14.866666666666667,1222,752,1056
447,14.9,1222,752,1067
448,14.933333333333334,1224,750,976
449,14.966666666666667,1228,738,1150
450,15.0,1233,740,1172
451,15.033333333333333,1239,741,1089
452,15.066666666666666,1245,743,889
453,15.1,1244,744,833
454,15.133333333333333,1256,736,1117
455,15.166666666666666,1267,732,1465
456,15.2,1271,728,1299
457,15.233333333333333,1284,726,1424
458,15.266666666666667,1296,724,1135
459,15.3,1297,722,1292
460,15.333333333333334,1305,721,1082
461,15.366666666666667,1309,720,972
462,15.4,1308,718,868
463,15.433333333333334,1305,717,911
464,15.466666666666667,1305,715,961
465,15.5,1305,715,963
466,15.533333333333333,1303,713,975
467,15.566666666666666,1300,716,963
468,15.6,1296,716,1116
469,15.633333333333333,1295,720,1054
470,15.666666666666666,1296,721,997
471,15.7,1296,722,1003
472,15.733333333333333,1295,724,996
473,15.766666666666667,1295,725,961
474,15.8,1294,725,962
475,15.833333333333334,1292,724,994
476,15.866666666666667,1285,722,1225
477,15.9,1286,722,1257
478,15.933333333333334,1270,718,1281
479,15.966666666666667,1250,719,1626
480,16.0,1227,721,1765
481,16.033333333333335,1208,726,1535
482,16.066666666666666,1207,730,1458
483,16.1,1207,730,1445
484,16.133333333333333,1208,731,1417
485,16.166666666666668,1205,729,1367
486,16.2,1201,736,718
487,16.233333333333334,1220,738,476
488,16.266666666666666,1220,737,602
489,16.3,1220,737,615
490,16.333333333333332,1212,735,954
491,16.366666666666667,1209,735,1110
492,16.4,1209,736,1128
493,16.433333333333334,1209,736,1151
494,16.466666666666665,1209,734,1439
495,16.5,1210,734,1303
496,16.533333333333335,1207,734,1525
497,16.566666666666666,1207,738,1364
498,16.6,1207,743,1290
499,16.633333333333333,1210,747,1189
500,16.666666666666668,1216,752,1028
501,16.7,1215,751,1130
502,16.733333333333334,1221,755,1132
503,16.766666666666666,1225,760,1034
504,16.8,1225,765,941
505,16.833333333333332,1221,768,1027
506,16.866666666666667,1214,772,991
507,16.9,1214,773,987
508,16.933333333333334,1203,771,782
509,16.966666666666665,1194,773,1004
510,17.0,1188,779,717
511,17.033333333333335,1187,779,870
512,17.066666666666666,1187,779,912
513,17.1,1187,779,909
514,17.133333333333333,1187,780,899
515,17.166666666666668,1186,782,813
516,17.2,1186,781,848
517,17.233333333333334,1186,782,788
518,17.266666666666666,1187,783,709
519,17.3,1187,783,711
520,17.333333333333332,1186,784,703
521,17.366666666666667,1186,783,712
522,17.4,1186,784,743
523,17.433333333333334,1186,784,703
524,17.466666666666665,1187,783,745
525,17.5,1186,783,729
526,17.533333333333335,1186,783,732
527,17.566666666666666,1187,783,767
528,17.6,1186,783,751
529,17.633333333333333,1187,783,712
530,17.666666666666668,1187,781,698
531,17.7,1187,781,685
532,17.733333333333334,1187,778,557
533,17.766666666666666,1187,779,636
534,17.8,1184,780,868
535,17.833333333333332,1180,795,737
536,17.866666666666667,1177,806,891
537,17.9,1177,806,860
538,17.933333333333334,1172,818,928
539,17.966666666666665,1169,833,827
540,18.0,1167,842,778
541,18.033333333333335,1166,843,807
542,18.066666666666666,1163,843,826
543,18.1,1163,843,823
544,18.133333333333333,1160,853,954
545,18.166666666666668,1158,858,982
546,18.2,1158,860,993
547,18.233333333333334,1158,861,1011
548,18.266666666666666,1158,861,1031
549,18.3,1158,861,1030
550,18.333333333333332,1158,861,1022
551,18.366666666666667,1158,861,1013
552,18.4,1158,861,994
553,18.433333333333334,1158,862,961
554,18.466666666666665,1158,863,879
555,18.5,1158,863,976
556,18.533333333333335,1158,863,971
557,18.566666666666666,1159,863,957
558,18.6,1158,864,970
559,18.633333333333333,1158,864,909
560,18.666666666666668,1161,865,710
561,18.7,1162,865,688
562,18.733333333333334,1164,868,468
563,18.766666666666666,1165,867,501
564,18.8,1167,867,472
565,18.833333333333332,1168,859,595
566,18.866666666666667,1172,841,704
567,18.9,1172,838,766
568,18.933333333333334,1177,847,1297
569,18.966666666666665,1183,855,1597
570,19.0,1272,843,1769
571,19.033333333333335,1277,847,1550
572,19.066666666666666,1282,849,1639
573,19.1,1281,852,1448
574,19.133333333333333,1280,848,1686
575,19.166666666666668,1277,848,1588
576,19.2,1275,847,1667
577,19.233333333333334,1274,846,1707
578,19.266666666666666,1274,845,1735
579,19.3,1274,845,1745
580,19.333333333333332,1275,845,1758
581,19.366666666666667,1276,846,1704
582,19.4,1275,848,1638
583,19.433333333333334,1273,851,1578
584,19.466666666666665,1271,858,1301
585,19.5,1270,858,1298
586,19.533333333333335,1268,859,1522
587,19.566666666666666,1267,861,1503
588,19.6,1266,862,1500
589,19.633333333333333,1264,863,1359
590,19.666666666666668,1258,861,1210
591,19.7,1258,862,1206
592,19.733333333333334,1253,862,1198
593,19.766666666666666,1247,861,1146
594,19.8,1244,866,1273
595,19.833333333333332,1246,882,1061
596,19.866666666666667,1249,896,958
597,19.9,1249,896,961
598,19.933333333333334,1249,901,824
599,19.966666666666665,1249,900,866
600,20.0,1249,899,889
601,20.033333333333335,1248,898,937
602,20.066666666666666,1247,894,1092
603,20.1,1246,893,1150
604,20.133333333333333,1237,886,1175
605,20.166666666666668,1205,862,729
606,20.2,1175,856,1020
607,20.233333333333334,1151,870,922
608,20.266666666666666,1104,864,2049
609,20.3,1104,862,2139
610,20.333333333333332,1062,860,1936
611,20.366666666666667,1023,856,2004
612,20.4,988,847,1259
613,20.433333333333334,959,845,1205
614,20.466666666666665,933,849,1137
615,20.5,932,851,1319
616,20.533333333333335,914,855,1160
617,20.566666666666666,902,867,1405
618,20.6,900,869,1394
619,20.633333333333333,898,870,1417
620,20.666666666666668,898,870,1420
621,20.7,898,870,1421
622,20.733333333333334,897,869,1476
623,20.766666666666666,897,868,1607
624,20.8,896,868,1641
625,20.833333333333332,893,869,1785
626,20.866666666666667,892,869,1822
627,20.9,892,869,1826
628,20.933333333333334,892,869,1812
629,20.966666666666665,892,869,1824
630,21.0,892,869,1847
631,21.033333333333335,892,869,1858
632,21.066666666666666,892,869,1901
633,21.1,892,869,1900
634,21.133333333333333,892,869,1899
635,21.166666666666668,892,869,1919
636,21.2,892,868,1943
637,21.233333333333334,891,868,1955
638,21.266666666666666,891,867,1937
639,21.3,891,867,1931
640,21.333333333333332,890,865,1940
641,21.366666666666667,891,861,1909
642,21.4,891,855,1938
643,21.433333333333334,891,849,2022
644,21.466666666666665,890,842,1933
645,21.5,890,842,1927
646,21.533333333333335,888,834,1673
647,21.566666666666666,884,831,1636
648,21.6,878,830,1535
649,21.633333333333333,871,830,1425
650,21.666666666666668,863,832,1544
651,21.7,863,832,1560
652,21.733333333333334,856,833,1598
653,21.766666666666666,852,832,1536
654,21.8,853,830,1504
655,21.833333333333332,858,831,1534
656,21.866666666666667,862,833,1680
657,21.9,862,833,1685
658,21.933333333333334,862,832,1738
659,21.966666666666665,860,834,1628
660,22.0,858,834,1706
661,22.033333333333335,858,837,1491
662,22.066666666666666,856,835,1576
663,22.1,856,837,1464
664,22.133333333333333,849,836,1363
665,22.166666666666668,833,838,1345
666,22.2,807,839,1790
667,22.233333333333334,771,846,1264
668,22.266666666666666,729,851,1840
669,22.3,728,852,1812
670,22.333333333333332,683,855,2055
671,22.366666666666667,639,855,2034
672,22.4,604,854,2106
673,22.433333333333334,572,856,2275
674,22.466666666666665,543,866,2312
675,22.5,542,866,2333
676,22.533333333333335,521,887,2570
677,22.566666666666666,500,909,3059
678,22.6,497,914,2773
679,22.633333333333333,495,917,2405
680,22.666666666666668,495,918,2353
681,22.7,495,918,2352
682,22.733333333333334,495,918,2332
683,22.766666666666666,494,919,2319
684,22.8,495,918,2422
685,22.833333333333332,494,919,2251
686,22.866666666666667,494,919,2356
687,22.9,494,919,2368
688,22.933333333333334,494,919,2374
689,22.966666666666665,494,918,2398
690,23.0,494,918,2394
691,23.033333333333335,494,918,2403
692,23.066666666666666,494,918,2397
693,23.1,494,918,2394
694,23.133333333333333,494,917,2420
695,23.166666666666668,495,914,2570
696,23.2,502,906,2277
697,23.233333333333334,512,900,1952
698,23.266666666666666,531,898,1832
699,23.3,531,898,1859
700,23.333333333333332,557,898,1547
701,23.366666666666667,589,894,1198
702,23.4,620,882,1272
703,23.433333333333334,646,875,1220
704,23.466666666666665,668,868,1097
705,23.5,668,868,1098
706,23.533333333333335,683,864,614
707,23.566666666666666,719,860,414
708,23.6,729,848,856
709,23.633333333333333,739,846,824
710,23.666666666666668,740,846,934
711,23.7,740,846,979
712,23.733333333333334,742,847,805
713,23.766666666666666,751,847,126
714,23.8,737,836,524
715,23.833333333333332,733,843,946
716,23.866666666666667,717,829,1484
717,23.9,717,830,1439
718,23.933333333333334,700,829,1204
719,23.966666666666665,684,825,1428
720,24.0,679,827,1495
721,24.033333333333335,680,826,1590
722,24.066666666666666,679,836,924
723,24.1,679,836,935
724,24.133333333333333,679,836,935
725,24.166666666666668,684,826,1430
726,24.2,703,821,1529
727,24.233333333333334,736,821,1941
728,24.266666666666666,784,808,1194
729,24.3,784,809,1235
730,24.333333333333332,832,799,1367
731,24.366666666666667,874,796,1443
732,24.4,909,795,1184
733,24.433333333333334,987,813,404
734,24.466666666666665,1031,810,888
735,24.5,1028,810,1044
736,24.533333333333335,1078,812,1212
737,24.566666666666666,1118,824,1555
738,24.6,1126,830,1228
739,24.633333333333333,1126,833,1107
740,24.666666666666668,1132,831,956
741,24.7,1130,831,1086
742,24.733333333333334,1130,834,954
743,24.766666666666666,1129,831,1186
744,24.8,1140,826,800
745,24.833333333333332,1143,824,998
746,24.866666666666667,1145,827,1174
747,24.9,1144,826,1177
748,24.933333333333334,1155,842,1148
749,24.966666666666665,1163,860,1164
750,25.0,1166,876,1369
751,25.033333333333335,1169,892,1223
752,25.066666666666666,1162,901,1076
753,25.1,1162,901,1053
754,25.133333333333333,1153,905,728
755,25.166666666666668,1135,916,1688
756,25.2,1127,917,1610
757,25.233333333333334,1130,934,1349
758,25.266666666666666,1131,938,1209
759,25.3,1131,938,1193
760,25.333333333333332,1130,937,1241
761,25.366666666666667,1130,938,1260
762,25.4,1129,937,1282
763,25.433333333333334,1127,936,1323
764,25.466666666666665,1117,939,1539
765,25.5,1117,939,1553
766,25.533333333333335,1093,937,2244
767,25.566666666666666,1071,941,2348
768,25.6,1070,943,2319
769,25.633333333333333,1070,942,2404
770,25.666666666666668,1071,945,2169
771,25.7,1071,945,2166
772,25.733333333333334,1072,941,2467
773,25.766666666666666,1069,933,2302
774,25.8,1054,932,1889
775,25.833333333333332,1016,930,2340
776,25.866666666666667,970,921,3028
777,25.9,969,921,3190
778,25.933333333333334,949,924,1484
779,25.966666666666665,942,924,682
780,26.0,946,924,435
781,26.033333333333335,910,928,705
782,26.066666666666666,905,926,1049
783,26.1,904,926,1026
784,26.133333333333333,912,923,1678
785,26.166666666666668,916,923,1967
786,26.2,915,923,1737
787,26.233333333333334,912,922,1643
788,26.266666666666666,912,922,1608
789,26.3,912,922,1626
790,26.333333333333332,912,922,1627
791,26.366666666666667,913,921,1620
792,26.4,914,921,1564
793,26.433333333333334,914,920,1558
794,26.466666666666665,915,918,1609
795,26.5,915,917,1604
796,26.533333333333335,915,914,1676
797,26.566666666666666,916,908,1665
798,26.6,914,898,1638
799,26.633333333333333,908,884,1611
800,26.666666666666668,904,874,1585
801,26.7,904,874,1574
802,26.733333333333334,896,867,1341
803,26.766666666666666,885,864,1069
804,26.8,867,863,769
805,26.833333333333332,845,863,575
806,26.866666666666667,821,861,541
807,26.9,820,861,540
808,26.933333333333334,800,848,724
809,26.966666666666665,791,844,392
810,27.0,789,841,396
811,27.033333333333335,790,842,309
812,27.066666666666666,789,841,328
813,27.1,789,840,317
814,27.133333333333333,789,840,322
815,27.166666666666668,790,840,306
816,27.2,790,839,309
817,27.233333333333334,786,835,542
818,27.266666666666666,783,833,550
819,27.3,783,831,597
820,27.333333333333332,781,832,492
821,27.366666666666667,783,830,403
822,27.4,784,829,378
823,27.433333333333334,783,827,423
824,27.466666666666665,782,830,340
825,27.5,782,829,352
826,27.533333333333335,781,829,366
827,27.566666666666666,781,830,330
828,27.6,781,829,314
829,27.633333333333333,782,828,253
830,27.666666666666668,646,821,1261
831,27.7,646,820,1336
832,27.733333333333334,644,818,1344
833,27.766666666666666,637,812,1249
834,27.8,622,805,1247
836,27.866666666666667,604,916,2303
837,27.9,606,922,2210
838,27.933333333333334,575,850,2957
839,27.966666666666665,576,861,3126
840,28.0,572,860,2604
841,28.033333333333335,575,863,2579
842,28.066666666666666,580,865,2804
843,28.1,580,866,2796
844,28.133333333333333,580,860,2770
845,28.166666666666668,584,859,2817
846,28.2,525,816,1597
847,28.233333333333334,525,815,1617
848,28.266666666666666,525,815,1674
849,28.3,525,815,1623
850,28.333333333333332,525,815,1618
851,28.366666666666667,526,815,1575
852,28.4,527,814,1610
853,28.433333333333334,530,811,1526
854,28.466666666666665,541,804,1685
855,28.5,541,804,1664
856,28.533333333333335,558,804,1423
857,28.566666666666666,586,808,1550
858,28.6,621,809,1374
859,28.633333333333333,656,809,1189
860,28.666666666666668,690,810,787
861,28.7,690,811,765
862,28.733333333333334,721,809,1108
863,28.766666666666666,746,810,1330
864,28.8,758,811,1108
865,28.833333333333332,760,814,861
866,28.866666666666667,760,813,876
867,28.9,760,813,847
868,28.933333333333334,760,813,857
869,28.966666666666665,759,815,793
870,29.0,759,814,821
871,29.033333333333335,761,812,843
872,29.066666666666666,764,813,716
873,29.1,764,813,706
874,29.133333333333333,766,809,499
875,29.166666666666668,768,808,398
876,29.2,796,818,937
877,29.233333333333334,800,822,1007
878,29.266666666666666,799,825,963
879,29.3,799,825,978
880,29.333333333333332,798,829,923
881,29.366666666666667,800,833,807
882,29.4,801,836,631
883,29.433333333333334,801,837,620
884,29.466666666666665,800,836,765
885,29.5,800,836,769
886,29.533333333333335,799,836,776
887,29.566666666666666,798,835,809
888,29.6,799,836,802
889,29.633333333333333,799,836,733
890,29.666666666666668,798,836,791
891,29.7,798,835,916
892,29.733333333333334,798,835,909
893,29.766666666666666,798,836,873
894,29.8,797,837,888
895,29.833333333333332,797,837,902
896,29.866666666666667,797,837,928
897,29.9,797,837,945
898,29.933333333333334,798,836,892
899,29.966666666666665,798,835,917
900,30.0,798,834,889
901,30.033333333333335,798,837,877
902,30.066666666666666,797,839,816
903,30.1,797,839,806
904,30.133333333333333,796,841,805
905,30.166666666666668,797,842,724
906,30.2,797,843,739
907,30.233333333333334,799,843,844
908,30.266666666666666,803,845,745
909,30.3,803,845,767
910,30.333333333333332,802,845,729
911,30.366666666666667,800,844,750
912,30.4,800,845,777
913,30.433333333333334,800,845,717
914,30.466666666666665,800,845,818
915,30.5,800,845,841
916,30.533333333333335,799,843,809
917,30.566666666666666,790,841,892
918,30.6,765,846,881
919,30.633333333333333,744,852,1740
920,30.666666666666668,720,861,1876
921,30.7,721,861,1881
922,30.733333333333334,702,872,1971
923,30.766666666666666,679,876,2489
924,30.8,654,884,2751
925,30.833333333333332,632,887,2431
926,30.866666666666667,609,889,2178
927,30.9,609,889,2159
928,30.933333333333334,598,893,2359
929,30.966666666666665,588,908,2134
930,31.0,581,917,2325
931,31.033333333333335,582,917,2239
932,31.066666666666666,581,918,2260
933,31.1,581,918,2271
934,31.133333333333333,581,918,2214
935,31.166666666666668,581,918,2176
936,31.2,580,918,2157
937,31.233333333333334,580,917,2147
938,31.266666666666666,580,917,2201
939,31.3,580,917,2189
940,31.333333333333332,578,913,2288
941,31.366666666666667,574,907,2523
942,31.4,562,918,1399
943,31.433333333333334,548,922,1306
944,31.466666666666665,533,910,2288
945,31.5,532,907,2383
946,31.533333333333335,506,917,2677
947,31.566666666666666,480,921,2341
948,31.6,416,972,983
949,31.633333333333333,411,975,890
950,31.666666666666668,415,974,874
951,31.7,413,974,807
952,31.733333333333334,412,974,747
953,31.766666666666666,411,974,704
954,31.8,410,974,699
955,31.833333333333332,410,975,704
956,31.866666666666667,415,975,796
957,31.9,413,975,769
958,31.933333333333334,410,974,669
959,31.966666666666665,427,974,1100
960,32.0,432,930,541
961,32.03333333333333,512,912,2136
962,32.06666666666667,555,903,1875
963,32.1,554,903,1869
964,32.13333333333333,593,896,1846
965,32.166666666666664,632,896,1950
966,32.2,671,898,2065
967,32.233333333333334,707,897,1651
968,32.266666666666666,726,894,1768
969,32.3,726,894,1772
970,32.333333333333336,739,902,1586
971,32.36666666666667,739,902,1588
972,32.4,738,901,1670
973,32.43333333333333,738,900,1683
974,32.46666666666667,737,900,1727
975,32.5,737,899,1732
976,32.53333333333333,737,898,1797
977,32.56666666666667,736,897,1902
978,32.6,736,897,1915
979,32.63333333333333,736,896,1848
980,32.666666666666664,736,896,1845
981,32.7,736,896,1859
982,32.733333333333334,738,891,2105
983,32.766666666666666,739,889,1981
984,32.8,742,883,2140
985,32.833333333333336,749,875,2261
986,32.86666666666667,759,869,1951
987,32.9,759,870,1936
988,32.93333333333333,766,875,1540
989,32.96666666666667,792,845,1245
990,33.0,798,846,1612
991,33.03333333333333,803,848,1910
992,33.06666666666667,808,846,2034
993,33.1,808,846,2103
994,33.13333333333333,814,843,1912
995,33.166666666666664,822,837,1717
996,33.2,826,835,1622
997,33.233333333333334,829,835,1568
998,33.266666666666666,830,833,1537
999,33.3,830,833,1532
1000,33.333333333333336,831,833,1483
1001,33.36666666666667,831,832,1428
1002,33.4,830,831,1333
1003,33.43333333333333,829,832,1246
1004,33.46666666666667,829,832,1242
1005,33.5,829,832,1191
1006,33.53333333333333,829,832,1210
1007,33.56666666666667,829,831,1280
1008,33.6,829,831,1261
1009,33.63333333333333,829,830,1267
1010,33.666666666666664,830,829,1330
1011,33.7,830,829,1319
1012,33.733333333333334,833,827,1478
1013,33.766666666666666,843,821,1434
1014,33.8,858,820,1572
1015,33.833333333333336,880,794,965
1016,33.86666666666667,880,794,984
1017,33.9,883,794,1039
1018,33.93333333333333,890,794,1143
1019,33.96666666666667,902,795,1221
1020,34.0,916,799,1263
1021,34.03333333333333,927,805,1116
1022,34.06666666666667,927,805,1101
1023,34.1,926,808,1078
1024,34.13333333333333,926,807,1066
1025,34.166666666666664,926,808,1083
1026,34.2,925,808,1053
1027,34.233333333333334,924,807,1074
1028,34.266666666666666,924,807,1066
1029,34.3,917,805,1088
1030,34.333333333333336,898,803,1298
1031,34.36666666666667,870,807,1558
1032,34.4,837,810,1632
1033,34.43333333333333,801,811,1798
1034,34.46666666666667,801,811,1797
1035,34.5,762,817,1436
1036,34.53333333333333,678,829,469
1037,34.56666666666667,669,836,1499
1038,34.6,649,844,1925
1039,34.63333333333333,616,849,2008
1040,34.666666666666664,615,849,2047
1041,34.7,585,853,2310
1042,34.733333333333334,548,851,2050
1043,34.766666666666666,523,840,2499
1044,34.8,495,840,2080
1045,34.833333333333336,473,841,2170
1046,34.86666666666667,473,841,2199
1047,34.9,459,852,2222
1048,34.93333333333333,455,875,2721
1049,34.96666666666667,439,889,2920
1050,35.0,436,897,2088
1051,35.03333333333333,436,896,2150
1052,35.06666666666667,436,896,2141
1053,35.1,436,897,2092
1054,35.13333333333333,435,896,2081
1055,35.166666666666664,435,895,2241
1056,35.2,435,895,2222
1057,35.233333333333334,435,895,2221
1058,35.266666666666666,435,896,2209
1059,35.3,435,895,2231
1060,35.333333333333336,435,895,2232
1061,35.36666666666667,434,895,2296
1062,35.4,434,891,2513
1063,35.43333333333333,442,878,2134
1064,35.46666666666667,443,877,2142
1065,35.5,462,868,1930
1066,35.53333333333333,496,871,2150
1067,35.56666666666667,532,878,2414
1068,35.6,566,879,2219
1069,35.63333333333333,633,862,1548
1070,35.666666666666664,634,865,1242
1071,35.7,670,861,1248
1072,35.733333333333334,706,859,1507
1073,35.766666666666666,742,847,1763
1074,35.8,761,834,1395
1075,35.833333333333336,800,839,872
1076,35.86666666666667,799,839,899
1077,35.9,819,846,1281
1078,35.93333333333333,832,850,1292
1079,35.96666666666667,838,854,1149
1080,36.0,840,856,1136
1081,36.03333333333333,839,855,1180
1082,36.06666666666667,840,856,1162
1083,36.1,839,854,1142
1084,36.13333333333333,839,851,1168
1085,36.166666666666664,839,846,1208
1086,36.2,842,838,1231
1087,36.233333333333334,844,814,834
1088,36.266666666666666,844,815,904
1089,36.3,848,803,861
1090,36.333333333333336,858,810,944
1091,36.36666666666667,870,820,873
1092,36.4,878,823,1071
1093,36.43333333333333,881,816,478
1094,36.46666666666667,881,815,445
1095,36.5,878,814,622
1096,36.53333333333333,877,814,641
1097,36.56666666666667,876,815,687
1098,36.6,876,815,696
1099,36.63333333333333,875,813,560
1100,36.666666666666664,875,813,549
1101,36.7,871,813,567
1102,36.733333333333334,867,812,610
1103,36.766666666666666,861,810,582
1104,36.8,853,808,779
1105,36.833333333333336,839,801,1191
1106,36.86666666666667,839,801,1206
1107,36.9,813,792,1155
1108,36.93333333333333,797,792,574
1109,36.96666666666667,752,790,1181
1110,37.0,737,794,411
1111,37.03333333333333,685,792,1091
1112,37.06666666666667,684,792,1181
1113,37.1,656,795,1565
1114,37.13333333333333,624,805,1839
1115,37.166666666666664,595,803,1394
1116,37.2,574,797,1221
1117,37.233333333333334,563,800,1402
1118,37.266666666666666,563,799,1451
1119,37.3,555,808,1528
1120,37.333333333333336,551,812,1816
1121,37.36666666666667,547,818,1422
1122,37.4,548,816,1630
1123,37.43333333333333,547,818,1438
1124,37.46666666666667,547,818,1444
1125,37.5,546,819,1369
1126,37.53333333333333,546,819,1347
1127,37.56666666666667,546,819,1300
1128,37.6,547,819,1328
1129,37.63333333333333,546,818,1306
1130,37.666666666666664,546,818,1292
1131,37.7,550,814,1475
1132,37.733333333333334,560,808,1653
1133,37.766666666666666,577,808,1619
1134,37.8,598,804,1611
1135,37.833333333333336,624,801,1712
1136,37.86666666666667,624,800,1724
1137,37.9,655,798,1519
1138,37.93333333333333,707,787,617
1139,37.96666666666667,731,793,535
1140,38.0,777,787,455
1141,38.03333333333333,802,786,632
1142,38.06666666666667,801,786,714
1143,38.1,826,783,428
1144,38.13333333333333,853,781,549
1145,38.166666666666664,844,781,974
1146,38.2,844,781,944
1147,38.233333333333334,844,781,951
1148,38.266666666666666,844,781,949
1149,38.3,845,781,950
1150,38.333333333333336,845,781,959
1151,38.36666666666667,845,781,975
1152,38.4,845,781,976
1153,38.43333333333333,845,781,897
1154,38.46666666666667,845,781,902
1155,38.5,845,781,913
1156,38.53333333333333,845,781,917
1157,38.56666666666667,845,781,909
1158,38.6,845,781,867
1159,38.63333333333333,844,781,985
1160,38.666666666666664,844,781,981
1161,38.7,844,780,1003
1162,38.733333333333334,842,777,1046
1163,38.766666666666666,836,775,880
1164,38.8,822,779,454
1169,38.96666666666667,724,778,487
1170,39.0,696,779,753
1171,39.03333333333333,671,786,1035
1172,39.06666666666667,671,785,1047
1173,39.1,649,792,1230
1174,39.13333333333333,630,796,1274
1175,39.166666666666664,619,799,1237
1176,39.2,622,806,1495
1177,39.233333333333334,620,816,1164
1178,39.266666666666666,620,816,1155
1179,39.3,620,817,1231
1180,39.333333333333336,620,818,1278
1181,39.36666666666667,619,819,1258
1182,39.4,620,817,1397
1183,39.43333333333333,621,817,1398
1184,39.46666666666667,621,817,1392
1185,39.5,620,817,1317
1186,39.53333333333333,609,819,653
1187,39.56666666666667,605,822,544
1188,39.6,632,811,835
1189,39.63333333333333,625,812,1324
1190,39.666666666666664,625,812,1351
1191,39.7,622,814,1499
1192,39.733333333333334,620,814,1507
1193,39.766666666666666,618,812,1475
1194,39.8,610,817,969
1195,39.833333333333336,602,816,895
1196,39.86666666666667,601,814,981
1197,39.9,592,812,855
1198,39.93333333333333,585,794,621
1200,40.0,538,833,909
1201,40.03333333333333,525,847,1447
1202,40.06666666666667,526,846,1522
1203,40.1,511,858,1867
1204,40.13333333333333,491,875,1830
1205,40.166666666666664,470,887,1800
1206,40.2,453,892,1523
1207,40.233333333333334,448,898,1697
1208,40.266666666666666,448,898,1722
1209,40.3,451,906,1744
1210,40.333333333333336,451,914,1662
1211,40.36666666666667,449,916,1739
1212,40.4,449,917,1732
1213,40.43333333333333,449,917,1746
1214,40.46666666666667,449,917,1744
1215,40.5,450,917,1798
1216,40.53333333333333,449,917,1791
1217,40.56666666666667,449,917,1777
1218,40.6,448,917,1630
1219,40.63333333333333,444,917,1387
1220,40.666666666666664,445,918,1394
1221,40.7,438,921,959
1222,40.733333333333334,465,910,602
1223,40.766666666666666,461,908,879
1224,40.8,455,909,1340
1225,40.833333333333336,450,907,1437
1226,40.86666666666667,450,907,1465
1227,40.9,448,904,1317
1228,40.93333333333333,443,896,788
1229,40.96666666666667,442,870,250
1230,41.0,403,920,796
1231,41.03333333333333,392,931,1141
1232,41.06666666666667,393,931,1235
1233,41.1,387,941,1556
1234,41.13333333333333,380,959,1922
1235,41.166666666666664,364,988,1897
1236,41.2,346,1007,1897
1237,41.233333333333334,337,1014,1951
1238,41.266666666666666,337,1014,1913
1239,41.3,485,894,1792
1240,41.333333333333336,485,894,1863
1241,41.36666666666667,485,893,1884
1242,41.4,485,894,1884
1243,41.43333333333333,485,894,1867
1244,41.46666666666667,485,894,1863
1245,41.5,485,894,1866
1246,41.53333333333333,485,894,1862
1247,41.56666666666667,485,894,1889
1248,41.6,484,893,1917
1249,41.63333333333333,483,891,1968
1250,41.666666666666664,483,891,1970
1251,41.7,482,888,1943
1252,41.733333333333334,481,884,1971
1253,41.766666666666666,488,878,1859
1254,41.8,504,870,1592
1255,41.833333333333336,521,858,1405
1256,41.86666666666667,521,856,1586
1257,41.9,534,852,1379
1258,41.93333333333333,543,847,1383
1259,41.96666666666667,550,843,1559
1260,42.0,554,840,1639
1261,42.03333333333333,553,838,1588
1262,42.06666666666667,553,838,1581
1263,42.1,549,838,1505
1264,42.13333333333333,540,845,1433
1265,42.166666666666664,536,849,1296
1266,42.2,537,860,782
1267,42.233333333333334,540,862,797
1268,42.266666666666666,540,863,783
1269,42.3,543,863,822
1270,42.333333333333336,544,862,866
1271,42.36666666666667,543,864,794
1272,42.4,543,861,897
1273,42.43333333333333,542,862,835
1274,42.46666666666667,542,863,801
1275,42.5,541,856,1005
1276,42.53333333333333,540,859,717
1277,42.56666666666667,546,848,860
1278,42.6,575,839,1196
1279,42.63333333333333,615,840,1360
1280,42.666666666666664,615,844,1009
1281,42.7,653,826,898
1282,42.733333333333334,727,831,421
1283,42.766666666666666,747,821,1695
1284,42.8,806,820,1436
1285,42.833333333333336,839,823,1639
1286,42.86666666666667,838,822,1752
1287,42.9,854,827,1702
1288,42.93333333333333,851,828,1605
1289,42.96666666666667,851,828,1587
1290,43.0,851,828,1529
1291,43.03333333333333,851,828,1600
1292,43.06666666666667,851,828,1616
1293,43.1,851,826,1596
1294,43.13333333333333,851,827,1319
1295,43.166666666666664,850,830,1128
1296,43.2,855,830,1310
1297,43.233333333333334,858,835,1063
1298,43.266666666666666,858,836,1030
1299,43.3,859,835,1081
1300,43.333333333333336,860,841,637
1301,43.36666666666667,864,833,926
1302,43.4,867,840,658
1303,43.43333333333333,875,840,802
1304,43.46666666666667,875,840,800
1305,43.5,878,841,858
1306,43.53333333333333,877,841,841
1307,43.56666666666667,876,842,832
1308,43.6,878,842,991
1309,43.63333333333333,878,841,1065
1310,43.666666666666664,877,842,957
1311,43.7,877,842,921
1312,43.733333333333334,872,838,1156
1313,43.766666666666666,855,842,997
1314,43.8,829,846,1099
1315,43.833333333333336,803,851,1138
1316,43.86666666666667,801,850,1025
1317,43.9,770,864,511
1318,43.93333333333333,816,845,1177
1319,43.96666666666667,812,845,1606
1320,44.0,808,846,1800
1321,44.03333333333333,807,845,1911
1322,44.06666666666667,807,845,1927
1323,44.1,805,842,1846
1324,44.13333333333333,799,832,1661
1325,44.166666666666664,792,827,1125
1326,44.2,776,812,1222
1327,44.233333333333334,760,818,1743
1328,44.266666666666666,760,818,1723
1329,44.3,736,819,1772
1330,44.333333333333336,713,830,2008
1331,44.36666666666667,683,844,2144
1332,44.4,659,856,774
1333,44.43333333333333,605,882,1567
1334,44.46666666666667,605,882,1666
1335,44.5,541,918,3030
1336,44.53333333333333,483,926,3258
1337,44.56666666666667,416,933,2990
1338,44.6,372,934,3480
1339,44.63333333333333,349,945,3092
1340,44.666666666666664,349,944,3089
1341,44.7,342,972,2725
1342,44.733333333333334,318,982,2750
1343,44.766666666666666,317,982,2853
1344,44.8,317,982,2847
1345,44.833333333333336,317,983,2864
1346,44.86666666666667,317,983,2859
1347,44.9,317,983,2824
1348,44.93333333333333,335,974,2326
1349,44.96666666666667,348,967,3129
1350,45.0,362,963,3294
1351,45.03333333333333,384,962,2752
1352,45.06666666666667,384,961,2808
1353,45.1,399,957,2778
1354,45.13333333333333,438,940,1188
1355,45.166666666666664,471,936,1047
1356,45.2,535,924,1659
1357,45.233333333333334,572,917,1511
1358,45.266666666666666,572,917,1552
1359,45.3,615,918,1892
1360,45.333333333333336,657,914,2174
1361,45.36666666666667,692,911,2272
1362,45.4,719,908,2095
1363,45.43333333333333,735,913,2108
1364,45.46666666666667,735,913,2135
1365,45.5,745,917,2144
1366,45.53333333333333,745,918,1940
1367,45.56666666666667,745,917,2020
1368,45.6,745,918,2034
1369,45.63333333333333,746,918,1998
1370,45.666666666666664,745,917,2130
1371,45.7,745,916,2175
1372,45.733333333333334,745,915,2220
1373,45.766666666666666,747,919,1863
1374,45.8,747,914,2005
1375,45.833333333333336,748,910,2284
1376,45.86666666666667,748,910,2356
1377,45.9,751,905,2390
1378,45.93333333333333,758,898,2427
1379,45.96666666666667,765,892,1659
1380,46.0,788,861,1393
1381,46.03333333333333,805,856,1945
1382,46.06666666666667,805,856,2084
1383,46.1,822,853,2139
1384,46.13333333333333,841,857,2259
1385,46.166666666666664,861,864,1568
1386,46.2,875,863,1441
1387,46.233333333333334,887,862,1102
1388,46.266666666666666,886,862,1207
1389,46.3,889,858,823
1390,46.333333333333336,889,852,1065
1391,46.36666666666667,893,851,1188
1392,46.4,893,851,1201
1393,46.43333333333333,893,851,1096
1394,46.46666666666667,893,852,1078
1395,46.5,893,852,1049
1396,46.53333333333333,893,852,1021
1397,46.56666666666667,893,852,1138
1398,46.6,892,851,1202
1399,46.63333333333333,889,850,1328
1400,46.666666666666664,889,850,1330
1401,46.7,882,853,1195
1402,46.733333333333334,862,857,595
1403,46.766666666666666,841,844,676
1404,46.8,801,835,765
1405,46.833333333333336,760,829,1042
1406,46.86666666666667,755,826,883
1407,46.9,714,836,1778
1408,46.93333333333333,675,819,1628
1409,46.96666666666667,611,840,1230
1410,47.0,581,831,1837
1411,47.03333333333333,538,813,1187
1412,47.06666666666667,537,812,923
1413,47.1,514,800,1116
1414,47.13333333333333,501,794,1104
1415,47.166666666666664,495,810,1602
1416,47.2,482,821,1818
1417,47.233333333333334,481,824,1602
1418,47.266666666666666,479,827,1419
1419,47.3,480,827,1474
1420,47.333333333333336,480,827,1477
1421,47.36666666666667,480,827,1495
1422,47.4,480,827,1472
1423,47.43333333333333,480,827,1487
1424,47.46666666666667,480,827,1457
1425,47.5,480,827,1460
1426,47.53333333333333,480,826,1480
1427,47.56666666666667,481,825,1519
1428,47.6,486,822,1630
1429,47.63333333333333,494,820,1401
1430,47.666666666666664,494,820,1415
1431,47.7,506,821,1267
1432,47.733333333333334,520,825,1342
1433,47.766666666666666,525,827,1308
1434,47.8,526,827,1386
1435,47.833333333333336,527,825,1532
1436,47.86666666666667,526,825,1539
1437,47.9,527,824,1609
1438,47.93333333333333,527,823,1724
1439,47.96666666666667,527,822,1686
1440,48.0,526,826,1546
1441,48.03333333333333,528,824,1617
1442,48.06666666666667,528,824,1630
1443,48.1,529,822,1410
1444,48.13333333333333,536,818,667
1445,48.166666666666664,576,819,991
1446,48.2,599,818,1268
1447,48.233333333333334,626,814,1198
1448,48.266666666666666,626,815,1178
1449,48.3,658,813,1234
1450,48.333333333333336,685,813,1048
1451,48.36666666666667,728,803,1057
1452,48.4,736,805,1579
1453,48.43333333333333,736,809,1308
1454,48.46666666666667,736,809,1282
1455,48.5,736,808,1249
1456,48.53333333333333,735,808,1306
1457,48.56666666666667,734,807,1336
1458,48.6,735,805,1069
1459,48.63333333333333,739,793,1306
1460,48.666666666666664,743,793,1358
1461,48.7,735,787,694
1462,48.733333333333334,765,789,1429
1463,48.766666666666666,763,787,1339
1464,48.8,798,778,1174
1465,48.833333333333336,805,779,2144
1466,48.86666666666667,807,779,2180
1467,48.9,823,778,1203
1468,48.93333333333333,839,781,1367
1469,48.96666666666667,849,784,1383
1470,49.0,857,791,1505
1471,49.03333333333333,858,805,1545
1472,49.06666666666667,858,805,1556
1473,49.1,851,810,1782
1474,49.13333333333333,848,812,1719
1475,49.166666666666664,848,812,1724
1476,49.2,848,813,1725
1477,49.233333333333334,848,813,1739
1478,49.266666666666666,848,812,1775
1479,49.3,847,812,1792
1480,49.333333333333336,847,812,1826
1481,49.36666666666667,848,813,1758
1482,49.4,848,814,1642
1483,49.43333333333333,848,815,1648
1484,49.46666666666667,848,815,1646
1485,49.5,847,815,1634
1486,49.53333333333333,848,816,1563
1487,49.56666666666667,849,817,1440
1488,49.6,849,814,1711
1489,49.63333333333333,851,811,1829
1490,49.666666666666664,851,812,1724
1491,49.7,853,809,1713
1492,49.733333333333334,856,806,1490
1493,49.766666666666666,863,804,1534
1494,49.8,874,801,1583
1495,49.833333333333336,893,799,1484
1496,49.86666666666667,893,799,1503
1497,49.9,910,797,1293
1498,49.93333333333333,913,799,1154
1499,49.96666666666667,914,799,1135
1500,50.0,914,799,1126
1501,50.03333333333333,914,799,1124
1502,50.06666666666667,913,799,1126
1503,50.1,913,798,1155
1504,50.13333333333333,913,798,1153
1505,50.166666666666664,914,797,1157
1506,50.2,914,797,1200
1507,50.233333333333334,914,796,1232
1508,50.266666666666666,914,796,1240
1509,50.3,915,795,1206
1510,50.333333333333336,918,793,962
1511,50.36666666666667,917,785,1265
1512,50.4,917,780,1299
1513,50.43333333333333,911,768,1203
1514,50.46666666666667,912,772,1032
1515,50.5,905,765,936
1516,50.53333333333333,897,759,1017
1517,50.56666666666667,891,757,791
1518,50.6,883,754,665
1519,50.63333333333333,871,760,463
1520,50.666666666666664,870,765,343
1522,50.733333333333334,836,764,242
1523,50.766666666666666,818,762,208
1524,50.8,796,760,80
1525,50.833333333333336,792,759,83
1526,50.86666666666667,793,759,75
1527,50.9,793,759,74
1528,50.93333333333333,791,759,47
1529,50.96666666666667,793,759,73
1530,51.0,793,759,65
1531,51.03333333333333,794,760,82
1532,51.06666666666667,795,760,79
1533,51.1,790,760,63
1534,51.13333333333333,774,758,216
1535,51.166666666666664,759,750,420
1536,51.2,754,748,288
1537,51.233333333333334,771,752,188
1538,51.266666666666666,780,756,153
1539,51.3,788,759,73
1540,51.333333333333336,788,759,54
1554,51.8,987,547,1418
1555,51.833333333333336,995,517,1280
1556,51.86666666666667,994,518,1396
1557,51.9,988,499,1219
1558,51.93333333333333,984,480,948
1559,51.96666666666667,976,477,1442
1560,52.0,976,472,1238
1561,52.03333333333333,977,471,1278
1562,52.06666666666667,977,473,1236
1563,52.1,982,471,1208
1564,52.13333333333333,990,472,1479
1565,52.166666666666664,999,480,1518
1566,52.2,1016,481,2379
1567,52.233333333333334,1033,492,2690
1568,52.266666666666666,1035,492,2768
1569,52.3,1047,515,2617
1570,52.333333333333336,1062,541,2737
1571,52.36666666666667,1071,561,1474
1573,52.43333333333333,1134,548,614
1574,52.46666666666667,1137,544,544
1575,52.5,1138,486,1060
1576,52.53333333333333,1137,478,792
1577,52.56666666666667,1137,467,436
1578,52.6,1263,591,1683
1579,52.63333333333333,1262,595,1689
1580,52.666666666666664,1224,436,2944
1581,52.7,1233,458,3287
1582,52.733333333333334,1233,458,3168
1583,52.766666666666666,1237,491,3803
1584,52.8,1232,531,4123
1585,52.833333333333336,1207,585,4374
1586,52.86666666666667,1174,603,2147
1587,52.9,1110,637,1135
1588,52.93333333333333,1114,626,1637
1589,52.96666666666667,1084,664,687
1590,53.0,572,476,511
1591,53.03333333333333,370,486,92
1592,53.06666666666667,316,537,437
1593,53.1,272,584,483
1594,53.13333333333333,272,584,474
1595,53.166666666666664,241,633,357
1596,53.2,246,673,364
1597,53.233333333333334,249,718,396
1598,53.266666666666666,253,770,435
1599,53.3,258,827,418
1600,53.333333333333336,258,827,398
1601,53.36666666666667,262,891,466
1602,53.4,272,910,231
1603,53.43333333333333,286,886,205
1604,53.46666666666667,299,865,188
1605,53.5,314,847,165
1606,53.53333333333333,314,847,152
1607,53.56666666666667,330,833,160
1608,53.6,346,825,153
1609,53.63333333333333,361,819,112
1610,53.666666666666664,361,812,313
1611,53.7,351,926,821
1612,53.733333333333334,351,926,670
1614,53.8,557,500,263
1615,53.833333333333336,588,451,240
1616,53.86666666666667,610,418,166
1617,53.9,361,830,810
1618,53.93333333333333,350,848,705
1619,53.96666666666667,349,842,991
1620,54.0,356,830,1118
1621,54.03333333333333,359,821,1112
1622,54.06666666666667,364,809,1090
1623,54.1,375,783,1109
1624,54.13333333333333,371,794,1068
1625,54.166666666666664,377,778,1056
1626,54.2,381,777,836
1627,54.233333333333334,391,754,715
1628,54.266666666666666,389,754,736
1629,54.3,387,754,706
1630,54.333333333333336,386,756,697
1631,54.36666666666667,382,762,725
1632,54.4,374,776,769
1633,54.43333333333333,367,774,983
1634,54.46666666666667,355,883,443
1635,54.5,349,854,580
1636,54.53333333333333,348,846,612
1637,54.56666666666667,356,884,423
1638,54.6,327,871,606
1639,54.63333333333333,318,863,611
1640,54.666666666666664,324,863,664
1641,54.7,308,851,769
1642,54.733333333333334,310,853,750
1643,54.766666666666666,307,850,892
1644,54.8,309,851,813
1645,54.833333333333336,302,847,912
1646,54.86666666666667,280,841,917
1647,54.9,284,845,931
1648,54.93333333333333,268,841,815
1649,54.96666666666667,229,822,595
1650,55.0,257,846,953
1651,55.03333333333333,227,855,1022
1652,55.06666666666667,5,828,204
1658,55.266666666666666,3,859,109
1659,55.3,10,864,264
1660,55.333333333333336,10,864,268
1661,55.36666666666667,23,873,332
1662,55.4,37,885,363
1663,55.43333333333333,50,901,420
1664,55.46666666666667,66,922,332
1665,55.5,124,877,991
1666,55.53333333333333,122,880,1127
1667,55.56666666666667,219,742,1136
1668,55.6,1557,845,449
1669,55.63333333333333,1560,845,450
1670,55.666666666666664,1562,845,459
1671,55.7,1561,850,738
1672,55.733333333333334,1556,865,537
1673,55.766666666666666,1556,897,1120
1674,55.8,1422,940,1740
1675,55.833333333333336,1424,941,1738
1676,55.86666666666667,1408,946,2327
1677,55.9,1408,947,2285
1678,55.93333333333333,1406,943,2515
1679,55.96666666666667,1406,945,2338
1680,56.0,1407,945,2343
1681,56.03333333333333,1407,945,2352
1682,56.06666666666667,1407,946,2309
1683,56.1,1407,946,2295
1684,56.13333333333333,1407,945,2356
1685,56.166666666666664,1407,946,2306
1686,56.2,1408,945,2364
1687,56.233333333333334,1408,946,2359
1688,56.266666666666666,1410,941,2573
1689,56.3,1403,932,2536
1690,56.333333333333336,1386,926,2235
1691,56.36666666666667,1363,924,1878
1692,56.4,1335,916,1595
1693,56.43333333333333,1335,916,1571
1694,56.46666666666667,1307,906,1559
1695,56.5,1281,898,1286
1696,56.53333333333333,1256,888,975
1698,56.6,1202,873,1021
1699,56.63333333333333,1202,872,1007
1700,56.666666666666664,1179,861,1332
1701,56.7,1162,855,1274
1702,56.733333333333334,1154,860,897
1703,56.766666666666666,1155,858,1008
1704,56.8,1154,856,1096
1705,56.833333333333336,1154,856,1094
1706,56.86666666666667,1154,858,960
1708,56.93333333333333,1155,857,929
1709,56.96666666666667,1155,858,926
1710,57.0,1156,852,1059
1711,57.03333333333333,1156,851,1071
1712,57.06666666666667,1155,846,1238
1713,57.1,1159,841,1190
1714,57.13333333333333,1166,840,1162
1715,57.166666666666664,1171,844,832
1716,57.2,1172,844,773
1717,57.233333333333334,1172,844,802
1718,57.266666666666666,1171,843,854
1719,57.3,1172,843,825
1720,57.333333333333336,1171,843,802
1721,57.36666666666667,1164,835,1149
1722,57.4,1152,837,967
1723,57.43333333333333,1152,838,929
1724,57.46666666666667,1112,832,1310
1725,57.5,1073,832,1518
1726,57.53333333333333,1030,833,1725
1727,57.56666666666667,981,846,1296
1728,57.6,902,848,1909
1729,57.63333333333333,899,846,2056
1730,57.666666666666664,866,852,1305
1731,57.7,847,864,1302
1732,57.733333333333334,828,870,2246
1733,57.766666666666666,789,878,1461
1734,57.8,749,876,1272
1735,57.833333333333336,749,876,1262
1736,57.86666666666667,727,871,1751
1737,57.9,700,868,1942
1738,57.93333333333333,671,867,2200
1739,57.96666666666667,640,876,2269
1740,58.0,610,890,2200
1741,58.03333333333333,610,891,2184
1742,58.06666666666667,592,915,2419
1743,58.1,572,938,1993
1744,58.13333333333333,571,944,1287
1745,58.166666666666664,561,954,1122
1746,58.2,561,956,1175
1747,58.233333333333334,560,956,1038
1748,58.266666666666666,560,957,995
1749,58.3,559,957,1030
1750,58.333333333333336,559,957,1024
1751,58.36666666666667,559,956,1063
1752,58.4,559,957,1037
1753,58.43333333333333,558,958,989
1754,58.46666666666667,558,957,965
1755,58.5,557,957,908
1756,58.53333333333333,557,957,981
1757,58.56666666666667,559,955,1064
1758,58.6,558,952,1263
1759,58.63333333333333,558,953,1335
1760,58.666666666666664,559,942,1917
1761,58.7,571,932,1274
1762,58.733333333333334,592,923,1851
1763,58.766666666666666,621,918,2153
1764,58.8,640,907,1213
1765,58.833333333333336,638,905,1011
1766,58.86666666666667,694,895,971
1767,58.9,719,890,1981
1768,58.93333333333333,744,886,1779
1769,58.96666666666667,761,879,1019
1770,59.0,792,871,882
1771,59.03333333333333,792,871,904
1772,59.06666666666667,807,861,1299
1773,59.1,819,854,1255
1774,59.13333333333333,829,856,1184
1775,59.166666666666664,835,861,1209
1776,59.2,835,865,958
1777,59.233333333333334,835,866,941
1778,59.266666666666666,834,866,914
1779,59.3,833,866,933
1780,59.333333333333336,833,866,953
1781,59.36666666666667,833,865,952
1782,59.4,833,865,960
1783,59.43333333333333,833,865,950
1784,59.46666666666667,833,865,927
1785,59.5,834,864,910
1786,59.53333333333333,839,859,870
1787,59.56666666666667,848,851,1108
1788,59.6,860,849,1168
1789,59.63333333333333,860,849,1180
1790,59.666666666666664,880,845,1054
1791,59.7,903,842,1036
1792,59.733333333333334,926,843,847
1793,59.766666666666666,941,845,873
1794,59.8,943,848,820
1795,59.833333333333336,943,848,810
1796,59.86666666666667,942,848,787
1797,59.9,941,848,761
1798,59.93333333333333,939,844,744
1799,59.96666666666667,930,841,1067
1800,60.0,907,840,934
1801,60.03333333333333,906,839,1105
1802,60.06666666666667,873,842,758
1803,60.1,830,838,1191
1804,60.13333333333333,795,829,1023
1805,60.166666666666664,749,836,1142
1806,60.2,720,834,858
1807,60.233333333333334,718,833,958
1808,60.266666666666666,638,843,752
1809,60.3,632,848,1724
1810,60.333333333333336,623,856,2236
1811,60.36666666666667,603,865,1952
1812,60.4,581,870,2154
1813,60.43333333333333,582,870,2377
1814,60.46666666666667,558,873,2599
1815,60.5,540,878,2114
1816,60.53333333333333,529,885,1884
1817,60.56666666666667,528,888,1837
1818,60.6,527,890,1899
1819,60.63333333333333,527,890,1916
1820,60.666666666666664,528,890,1872
1821,60.7,527,890,1858
